{
  "area": 0.017932045633136096,
  "energy": 1.2559630769230772e-13,
  "latency": 6.059171597633137e-11
}
